rep,drug,category,pdb,target,state,diffdock_confidence,gnina_affinity,gnina_minimize_rmsd,gnina_cnn_score,gnina_cnn_affinity
1,acebutolol,approved_library,3POZ,EGFR,WT,-0.7,-6.86579,2.37595,0.75518,6.24577
1,acebutolol,approved_library,5UGC,EGFR,L858R+T790M,-0.71,-1.08259,1.37845,0.56653,6.37415
1,acetaminophen,approved_library,3POZ,EGFR,WT,0.09,-4.73183,1.6921,0.49083,3.41126
1,acetaminophen,approved_library,5UGC,EGFR,L858R+T790M,0.27,-5.04151,5.16481,0.55326,4.69338
1,acetazolamide,approved_library,3POZ,EGFR,WT,0.18,-4.97106,0.65541,0.95371,4.48486
1,acetazolamide,approved_library,5UGC,EGFR,L858R+T790M,0.73,-5.4275,0.68223,0.91442,4.58043
1,acetylcysteine,approved_library,3POZ,EGFR,WT,-0.56,-3.46924,1.01215,0.83116,4.26487
1,acetylcysteine,approved_library,5UGC,EGFR,L858R+T790M,-0.28,-3.36161,0.85985,0.81615,4.34114
1,adagrasib,known_answer,3POZ,EGFR,WT,-2.55,-7.55178,2.99869,0.01308,6.50939
1,adagrasib,known_answer,5UGC,EGFR,L858R+T790M,-2.05,-7.78435,3.22967,0.02793,6.6858
1,adenosine,approved_library,3POZ,EGFR,WT,0.1,-6.85791,1.93705,0.93101,5.04567
1,adenosine,approved_library,5UGC,EGFR,L858R+T790M,0.01,-7.16841,0.45554,0.98389,5.86799
1,afatinib,egfr_family,3POZ,EGFR,WT,-1.18,-7.98057,2.21355,0.24887,7.49457
1,afatinib,egfr_family,5UGC,EGFR,L858R+T790M,-1.52,-6.53459,4.33232,0.11942,6.87137
1,agomelatine,approved_library,3POZ,EGFR,WT,-0.74,-6.69516,0.80834,0.57274,5.24255
1,agomelatine,approved_library,5UGC,EGFR,L858R+T790M,-0.82,-7.119,1.09929,0.28896,4.86972
1,alfentanil,approved_library,3POZ,EGFR,WT,-0.69,-5.44863,0.7265,0.58768,6.87767
1,alfentanil,approved_library,5UGC,EGFR,L858R+T790M,-1.13,-4.22616,1.19063,0.30512,6.53297
1,alprostadil,approved_library,3POZ,EGFR,WT,-0.87,-6.54909,2.10199,0.35566,5.91052
1,alprostadil,approved_library,5UGC,EGFR,L858R+T790M,-1.84,-2.14781,1.60981,0.23593,5.72684
1,amdinocillin,approved_library,3POZ,EGFR,WT,-0.38,-7.17787,1.38861,0.12229,5.65392
1,amdinocillin,approved_library,5UGC,EGFR,L858R+T790M,-0.07,-5.09738,1.86387,0.1969,5.92615
1,aminoglutethimide,approved_library,3POZ,EGFR,WT,-2.47,-6.65672,2.53197,0.12531,5.0071
1,aminoglutethimide,approved_library,5UGC,EGFR,L858R+T790M,-0.69,-6.66622,2.74518,0.1956,5.0582
1,aminohippuric-acid,approved_library,3POZ,EGFR,WT,0.12,-5.35956,2.04588,0.59345,5.06295
1,aminohippuric-acid,approved_library,5UGC,EGFR,L858R+T790M,0.45,-6.30979,0.52586,0.71074,4.1574
1,amiodarone,approved_library,3POZ,EGFR,WT,-0.99,-6.22046,2.72388,0.08187,6.45023
1,amiodarone,approved_library,5UGC,EGFR,L858R+T790M,-1.36,3.72032,1.39645,0.71796,7.45726
1,amitriptyline,approved_library,3POZ,EGFR,WT,-0.54,-2.19532,1.21532,0.20807,5.73009
1,amitriptyline,approved_library,5UGC,EGFR,L858R+T790M,-0.15,-7.49702,1.77041,0.20698,5.34259
1,amobarbital,approved_library,3POZ,EGFR,WT,-0.58,-5.29193,1.12119,0.56982,5.20113
1,amobarbital,approved_library,5UGC,EGFR,L858R+T790M,-1.0,-2.6776,1.29266,0.73829,5.92454
1,amprenavir,approved_library,3POZ,EGFR,WT,-1.19,-6.73236,1.09629,0.20111,6.36355
1,amprenavir,approved_library,5UGC,EGFR,L858R+T790M,-3.03,-5.99422,4.28696,0.06111,5.91088
1,amsacrine,approved_library,3POZ,EGFR,WT,-0.59,-8.76093,1.69242,0.22119,6.2211
1,amsacrine,approved_library,5UGC,EGFR,L858R+T790M,-0.79,-8.77904,0.95853,0.86838,7.27569
1,apomorphine,approved_library,3POZ,EGFR,WT,-0.41,-8.71673,1.78131,0.18603,4.4964
1,apomorphine,approved_library,5UGC,EGFR,L858R+T790M,0.28,-9.95449,0.73645,0.91242,6.28588
1,aprobarbital,approved_library,3POZ,EGFR,WT,-0.73,-4.15025,0.91633,0.55865,5.16712
1,aprobarbital,approved_library,5UGC,EGFR,L858R+T790M,-0.91,-0.65243,0.99447,0.75139,5.41255
1,aspirin,repurposing_candidate,3POZ,EGFR,WT,-0.17,-6.12711,0.40209,0.8604,4.59868
1,aspirin,repurposing_candidate,5UGC,EGFR,L858R+T790M,-0.21,-5.82868,1.19839,0.74207,4.21057
1,atenolol,approved_library,3POZ,EGFR,WT,0.03,-7.55487,0.5495,0.63459,5.18985
1,atenolol,approved_library,5UGC,EGFR,L858R+T790M,-0.18,-6.60961,1.03816,0.26033,4.51843
1,atomoxetine,approved_library,3POZ,EGFR,WT,-0.56,-6.19746,0.67411,0.80372,5.91099
1,atomoxetine,approved_library,5UGC,EGFR,L858R+T790M,-0.53,-6.40254,1.23127,0.18929,4.93597
1,azelastine,approved_library,3POZ,EGFR,WT,-0.58,-9.32386,0.79777,0.24045,6.15345
1,azelastine,approved_library,5UGC,EGFR,L858R+T790M,-0.57,-8.85877,2.03952,0.50202,6.55821
1,barbital,approved_library,3POZ,EGFR,WT,-0.85,-4.52675,0.48855,0.53122,4.41829
1,barbital,approved_library,5UGC,EGFR,L858R+T790M,-0.51,-4.26784,1.78242,0.37928,4.72548
1,benznidazole,approved_library,3POZ,EGFR,WT,-0.33,-6.85777,1.14397,0.29747,5.28228
1,benznidazole,approved_library,5UGC,EGFR,L858R+T790M,-0.49,-5.6539,1.52719,0.82206,5.71578
1,benzydamine,approved_library,3POZ,EGFR,WT,-0.13,-8.43029,1.45188,0.91426,6.27242
1,benzydamine,approved_library,5UGC,EGFR,L858R+T790M,-0.77,-7.28885,1.54733,0.37906,5.59584
1,betamethasone,approved_library,3POZ,EGFR,WT,-1.65,-8.23217,2.89104,0.23181,5.5016
1,betamethasone,approved_library,5UGC,EGFR,L858R+T790M,-1.49,-9.11862,1.90897,0.34911,6.16342
1,betaxolol,approved_library,3POZ,EGFR,WT,-0.48,-6.55669,1.93075,0.60588,5.93651
1,betaxolol,approved_library,5UGC,EGFR,L858R+T790M,-1.24,-5.31426,1.89117,0.16194,4.95891
1,bicalutamide,approved_library,3POZ,EGFR,WT,-0.15,-9.66317,1.49237,0.46792,6.48066
1,bicalutamide,approved_library,5UGC,EGFR,L858R+T790M,-1.7,-7.30177,3.7587,0.17756,5.62993
1,bifonazole,approved_library,3POZ,EGFR,WT,-0.32,-8.83444,1.39597,0.82852,6.66431
1,bifonazole,approved_library,5UGC,EGFR,L858R+T790M,-2.06,4.34331,0.94612,0.88773,6.77928
1,bromazepam,approved_library,3POZ,EGFR,WT,-0.36,-5.13266,1.11074,0.64784,6.28066
1,bromazepam,approved_library,5UGC,EGFR,L858R+T790M,0.16,-6.81777,0.90931,0.55196,6.30593
1,bromocriptine,approved_library,3POZ,EGFR,WT,-1.17,0.3163,1.55636,0.08691,6.48426
1,bromocriptine,approved_library,5UGC,EGFR,L858R+T790M,-2.13,-8.35188,3.8207,0.14465,6.90045
1,buspirone,approved_library,3POZ,EGFR,WT,-0.73,-5.97706,2.08192,0.11727,5.87656
1,buspirone,approved_library,5UGC,EGFR,L858R+T790M,-1.2,-5.9275,1.59502,0.16084,5.89376
1,butabarbital,approved_library,3POZ,EGFR,WT,-0.9,-5.18438,0.56452,0.45553,4.88536
1,butabarbital,approved_library,5UGC,EGFR,L858R+T790M,-1.13,-0.23801,1.28695,0.79297,5.50543
1,butalbital,approved_library,3POZ,EGFR,WT,-0.84,-5.33965,0.46645,0.43406,5.13456
1,butalbital,approved_library,5UGC,EGFR,L858R+T790M,-0.38,-5.88637,4.10445,0.1003,3.99894
1,caffeine,approved_library,3POZ,EGFR,WT,-0.25,-5.08002,0.33491,0.91855,4.87034
1,caffeine,approved_library,5UGC,EGFR,L858R+T790M,-0.24,-5.74337,0.66596,0.9524,5.46178
1,carbamazepine,approved_library,3POZ,EGFR,WT,-0.28,-7.84334,0.52202,0.96266,6.2472
1,carbamazepine,approved_library,5UGC,EGFR,L858R+T790M,-0.34,-7.81517,0.78592,0.95956,6.2825
1,carmustine,approved_library,3POZ,EGFR,WT,-0.21,-4.24153,0.57008,0.875,4.05612
1,carmustine,approved_library,5UGC,EGFR,L858R+T790M,0.25,-4.65232,1.23486,0.72677,4.07348
1,cefprozil-anhydrous-e,approved_library,3POZ,EGFR,WT,-0.62,-5.16411,0.84187,0.54404,6.96675
1,cefprozil-anhydrous-e,approved_library,5UGC,EGFR,L858R+T790M,-1.12,-6.33009,2.40514,0.04461,5.04798
1,ceftizoxime,approved_library,3POZ,EGFR,WT,-0.71,-7.52062,2.35675,0.14259,5.00111
1,ceftizoxime,approved_library,5UGC,EGFR,L858R+T790M,-0.64,-6.79989,1.54957,0.79521,6.88255
1,celecoxib,approved_library,3POZ,EGFR,WT,-0.6,-8.42674,1.63581,0.36678,6.13695
1,celecoxib,approved_library,5UGC,EGFR,L858R+T790M,-0.41,-9.33704,1.14514,0.58549,6.7058
1,cephalothin,approved_library,3POZ,EGFR,WT,-0.15,-7.28841,0.92641,0.49528,6.61203
1,cephalothin,approved_library,5UGC,EGFR,L858R+T790M,-0.93,-5.40985,2.24276,0.21686,5.57432
1,chlorambucil,approved_library,3POZ,EGFR,WT,-0.17,-6.31355,1.29106,0.34374,5.16586
1,chlorambucil,approved_library,5UGC,EGFR,L858R+T790M,-0.83,-5.20407,1.41714,0.18494,4.64312
1,chloramphenicol,approved_library,3POZ,EGFR,WT,-0.8,-6.84902,1.42295,0.53429,5.57946
1,chloramphenicol,approved_library,5UGC,EGFR,L858R+T790M,-0.96,-5.77083,1.28496,0.34798,5.51112
1,chlordiazepoxide,approved_library,3POZ,EGFR,WT,-0.08,-7.70773,1.77568,0.80836,6.4124
1,chlordiazepoxide,approved_library,5UGC,EGFR,L858R+T790M,0.88,-8.67144,1.10606,0.94396,6.72399
1,chloroquine,approved_library,3POZ,EGFR,WT,-0.64,-6.42294,1.13748,0.93644,7.14152
1,chloroquine,approved_library,5UGC,EGFR,L858R+T790M,-1.11,-5.89816,2.03834,0.66997,6.65193
1,chlorpheniramine,approved_library,3POZ,EGFR,WT,-0.13,-6.51919,1.08102,0.35773,5.56671
1,chlorpheniramine,approved_library,5UGC,EGFR,L858R+T790M,-0.39,-7.1436,1.09818,0.55829,5.99559
1,chlorpromazine,approved_library,3POZ,EGFR,WT,-0.67,-3.39208,0.87316,0.19287,5.57689
1,chlorpromazine,approved_library,5UGC,EGFR,L858R+T790M,-0.88,-6.03076,2.50803,0.20949,5.54043
1,chlorpropamide,approved_library,3POZ,EGFR,WT,-0.05,-6.69719,0.89835,0.59246,5.98115
1,chlorpropamide,approved_library,5UGC,EGFR,L858R+T790M,0.03,-5.27081,0.74051,0.46182,5.1209
1,cimetidine,repurposing_candidate,3POZ,EGFR,WT,0.1,-5.37482,1.43345,0.49908,5.99543
1,cimetidine,repurposing_candidate,5UGC,EGFR,L858R+T790M,-0.4,-4.59222,0.81067,0.33334,5.98661
1,ciprofloxacin,approved_library,3POZ,EGFR,WT,0.42,-7.2615,0.65269,0.78483,6.65864
1,ciprofloxacin,approved_library,5UGC,EGFR,L858R+T790M,0.69,-8.23907,1.14646,0.69296,6.73236
1,citalopram,approved_library,3POZ,EGFR,WT,-0.54,-4.5528,0.8865,0.12691,5.43602
1,citalopram,approved_library,5UGC,EGFR,L858R+T790M,-0.81,-6.52817,2.62147,0.1295,4.94929
1,clidinium,approved_library,3POZ,EGFR,WT,-0.83,-7.66494,1.32441,0.15593,5.17886
1,clidinium,approved_library,5UGC,EGFR,L858R+T790M,-2.35,-7.0309,3.68224,0.39228,5.46081
1,clioquinol,approved_library,3POZ,EGFR,WT,-0.17,-6.00495,0.26844,0.3878,4.85582
1,clioquinol,approved_library,5UGC,EGFR,L858R+T790M,0.08,-6.15283,0.79705,0.93486,5.60581
1,clofibrate,approved_library,3POZ,EGFR,WT,0.11,-5.8761,0.97603,0.58415,4.52573
1,clofibrate,approved_library,5UGC,EGFR,L858R+T790M,-0.98,-5.96124,1.49419,0.43666,4.80381
1,clometacin,approved_library,3POZ,EGFR,WT,0.06,-7.82255,1.28587,0.70702,6.61732
1,clometacin,approved_library,5UGC,EGFR,L858R+T790M,-3.14,-5.4945,2.4481,0.25308,5.9242
1,clomipramine,approved_library,3POZ,EGFR,WT,-1.08,-1.96108,1.20748,0.17506,5.35931
1,clomipramine,approved_library,5UGC,EGFR,L858R+T790M,-0.5,-8.10921,0.97926,0.74475,6.19198
1,clonazepam,approved_library,3POZ,EGFR,WT,-0.55,-6.22183,1.15478,0.8441,6.4284
1,clonazepam,approved_library,5UGC,EGFR,L858R+T790M,0.33,-7.96254,0.86425,0.92469,6.76899
1,clotrimazole,approved_library,3POZ,EGFR,WT,-2.01,-0.52333,0.84828,0.49577,6.23669
1,clotrimazole,approved_library,5UGC,EGFR,L858R+T790M,-2.78,0.31522,1.67229,0.37055,6.16593
1,clozapine,approved_library,3POZ,EGFR,WT,0.26,-8.09991,1.48581,0.0506,5.31095
1,clozapine,approved_library,5UGC,EGFR,L858R+T790M,-0.7,-7.73156,1.22312,0.39476,6.48963
1,codeine,approved_library,3POZ,EGFR,WT,-0.36,-7.24027,2.61208,0.09363,4.85371
1,codeine,approved_library,5UGC,EGFR,L858R+T790M,-1.11,-6.66639,4.45156,0.05511,3.85434
1,colchicine,approved_library,3POZ,EGFR,WT,-0.67,-7.70009,1.70364,0.14809,5.50225
1,colchicine,approved_library,5UGC,EGFR,L858R+T790M,-0.88,-7.54813,1.65776,0.7206,7.04511
1,crizotinib,multi_kinase,3POZ,EGFR,WT,-0.56,-8.18658,0.69081,0.85099,8.23321
1,crizotinib,multi_kinase,5UGC,EGFR,L858R+T790M,-1.55,-5.21789,1.13823,0.69168,7.79428
1,cromolyn-sodium,approved_library,3POZ,EGFR,WT,-0.35,-9.1002,0.95655,0.44868,6.03355
1,cromolyn-sodium,approved_library,5UGC,EGFR,L858R+T790M,-1.95,-8.45373,3.76852,0.17447,5.66426
1,cromolyn,approved_library,3POZ,EGFR,WT,-0.79,-8.95012,1.53674,0.29663,5.77
1,cromolyn,approved_library,5UGC,EGFR,L858R+T790M,-1.29,-8.60482,3.1003,0.12547,5.56757
1,cyclobarbital,approved_library,3POZ,EGFR,WT,-0.64,-5.616,0.43182,0.64833,5.43911
1,cyclobarbital,approved_library,5UGC,EGFR,L858R+T790M,-0.81,-3.87643,1.70809,0.41474,5.41792
1,cyclophosphamide-anhydrous,approved_library,3POZ,EGFR,WT,-1.12,-4.01916,3.23251,0.08355,3.4604
1,cyclophosphamide-anhydrous,approved_library,5UGC,EGFR,L858R+T790M,-0.81,-4.33231,2.13965,0.10967,3.81622
1,cyproheptadine,approved_library,3POZ,EGFR,WT,-1.31,-0.24422,2.61561,0.38279,5.64501
1,cyproheptadine,approved_library,5UGC,EGFR,L858R+T790M,-0.28,-7.52768,3.51156,0.07739,4.87798
1,dacarbazine,approved_library,3POZ,EGFR,WT,0.47,-4.74776,0.4975,0.92738,5.00663
1,dacarbazine,approved_library,5UGC,EGFR,L858R+T790M,0.43,-5.27445,0.54879,0.94705,5.24014
1,dacomitinib,egfr_family,3POZ,EGFR,WT,-0.07,-8.50261,0.68049,0.95315,8.37269
1,dacomitinib,egfr_family,5UGC,EGFR,L858R+T790M,-1.4,-6.06487,2.56084,0.28045,7.34527
1,dasatinib,multi_kinase,3POZ,EGFR,WT,-0.77,-7.3327,3.10257,0.13746,6.94999
1,dasatinib,multi_kinase,5UGC,EGFR,L858R+T790M,-1.66,-6.09341,6.45807,0.04129,5.79763
1,deferoxamine,approved_library,3POZ,EGFR,WT,-1.71,-6.98567,2.62249,0.0104,5.91477
1,deferoxamine,approved_library,5UGC,EGFR,L858R+T790M,-1.55,-3.44994,2.10359,0.15241,6.12089
1,delavirdine,approved_library,3POZ,EGFR,WT,-0.78,-8.61733,2.88258,0.18654,6.60453
1,delavirdine,approved_library,5UGC,EGFR,L858R+T790M,-1.59,-7.12492,4.05578,0.0358,6.49084
1,desipramine,approved_library,3POZ,EGFR,WT,-1.23,-7.39089,2.27047,0.17139,4.86922
1,desipramine,approved_library,5UGC,EGFR,L858R+T790M,-1.08,-7.23404,2.58986,0.21965,5.48328
1,diazepam,approved_library,3POZ,EGFR,WT,0.0,-5.99558,1.46527,0.4068,5.73088
1,diazepam,approved_library,5UGC,EGFR,L858R+T790M,-1.05,-7.47947,2.44403,0.80506,6.37984
1,dibromsalan,approved_library,3POZ,EGFR,WT,-0.34,-6.83703,1.79723,0.5659,5.76728
1,dibromsalan,approved_library,5UGC,EGFR,L858R+T790M,0.03,-6.81913,1.91941,0.59694,5.65765
1,dichlorphenamide,approved_library,3POZ,EGFR,WT,0.05,-6.41694,1.5684,0.77107,5.37305
1,dichlorphenamide,approved_library,5UGC,EGFR,L858R+T790M,-0.67,-4.90197,0.78628,0.34351,4.75118
1,diethylstilbestrol,approved_library,3POZ,EGFR,WT,-0.06,-7.74196,0.68828,0.62561,6.08545
1,diethylstilbestrol,approved_library,5UGC,EGFR,L858R+T790M,-0.93,-7.17173,0.90338,0.60282,5.57691
1,diltiazem,approved_library,3POZ,EGFR,WT,-1.02,-6.64734,1.96697,0.08803,5.50376
1,diltiazem,approved_library,5UGC,EGFR,L858R+T790M,-3.32,-5.81662,5.32632,0.12615,5.38421
1,dinoprostone,approved_library,3POZ,EGFR,WT,-1.06,-6.95378,3.68578,0.35566,5.89839
1,dinoprostone,approved_library,5UGC,EGFR,L858R+T790M,-0.73,-5.23394,1.49203,0.07784,5.83493
1,disopyramide,approved_library,3POZ,EGFR,WT,-1.67,-5.10034,1.8084,0.1356,5.50225
1,disopyramide,approved_library,5UGC,EGFR,L858R+T790M,-3.49,-5.54913,3.53394,0.54255,6.54243
1,disulfiram,repurposing_candidate,3POZ,EGFR,WT,-0.62,-4.53502,1.16457,0.35163,5.35418
1,disulfiram,repurposing_candidate,5UGC,EGFR,L858R+T790M,-1.31,-4.30914,1.59859,0.51172,5.4861
1,divarasib,kras_family,3POZ,EGFR,WT,-1.78,-6.62139,2.83845,0.01803,7.27065
1,divarasib,kras_family,5UGC,EGFR,L858R+T790M,-1.87,6.54627,0.51505,0.42686,8.21161
1,dofetilide,approved_library,3POZ,EGFR,WT,-0.93,-6.39057,3.03076,0.07011,4.96258
1,dofetilide,approved_library,5UGC,EGFR,L858R+T790M,-1.75,2.45844,1.01642,0.09663,4.65894
1,donepezil,approved_library,3POZ,EGFR,WT,-0.18,-9.03494,1.333,0.72641,6.7307
1,donepezil,approved_library,5UGC,EGFR,L858R+T790M,-0.81,-7.45159,1.32397,0.57161,6.78943
1,dopamine,approved_library,3POZ,EGFR,WT,0.09,-5.11846,0.31356,0.6307,3.69014
1,dopamine,approved_library,5UGC,EGFR,L858R+T790M,0.16,-5.83473,0.97839,0.64479,3.84494
1,doxycycline,repurposing_candidate,3POZ,EGFR,WT,-0.22,-8.47295,3.80732,0.12212,4.75021
1,doxycycline,repurposing_candidate,5UGC,EGFR,L858R+T790M,-1.53,-5.68458,5.82377,0.21772,4.30899
1,dronabinol,approved_library,3POZ,EGFR,WT,-0.87,-8.65037,2.07969,0.74179,6.78181
1,dronabinol,approved_library,5UGC,EGFR,L858R+T790M,-1.84,-7.49144,3.07978,0.22132,5.77719
1,emedastine,approved_library,3POZ,EGFR,WT,-0.21,-6.48142,1.36259,0.08012,4.49565
1,emedastine,approved_library,5UGC,EGFR,L858R+T790M,-0.2,-6.54708,1.82106,0.48402,5.95553
1,enalapril,approved_library,3POZ,EGFR,WT,-0.14,-7.25529,0.97386,0.49553,6.35711
1,enalapril,approved_library,5UGC,EGFR,L858R+T790M,-1.33,-5.60151,3.32716,0.24941,5.1824
1,enalaprilat-anhydrous,approved_library,3POZ,EGFR,WT,0.02,-6.98325,1.21261,0.65882,6.2934
1,enalaprilat-anhydrous,approved_library,5UGC,EGFR,L858R+T790M,-1.46,-6.64916,2.49676,0.10376,5.07518
1,epirubicin,approved_library,3POZ,EGFR,WT,-1.11,-9.162,5.3009,0.43231,6.37504
1,epirubicin,approved_library,5UGC,EGFR,L858R+T790M,-1.12,-8.74065,3.95324,0.65868,6.6101
1,ergotamine,approved_library,3POZ,EGFR,WT,-0.37,-6.26081,1.19836,0.11005,6.90597
1,ergotamine,approved_library,5UGC,EGFR,L858R+T790M,-1.8,-10.56619,0.97603,0.34403,7.62519
1,erlotinib,known_answer,3POZ,EGFR,WT,-0.5,-7.09094,1.76072,0.81838,7.26396
1,erlotinib,known_answer,5UGC,EGFR,L858R+T790M,-0.9,-5.2071,2.43481,0.46183,6.71226
1,ethacrynic-acid,approved_library,3POZ,EGFR,WT,-0.22,-6.49262,1.31167,0.4576,5.52876
1,ethacrynic-acid,approved_library,5UGC,EGFR,L858R+T790M,-1.07,-5.94286,3.20242,0.387,5.74998
1,ethoxzolamide,approved_library,3POZ,EGFR,WT,-0.0,-5.88421,0.84895,0.52887,5.17649
1,ethoxzolamide,approved_library,5UGC,EGFR,L858R+T790M,-0.23,-5.41472,1.78888,0.65916,5.03164
1,etidocaine,approved_library,3POZ,EGFR,WT,-0.17,-6.98536,0.73712,0.66589,5.96754
1,etidocaine,approved_library,5UGC,EGFR,L858R+T790M,-0.79,-6.03665,1.17571,0.28931,5.20671
1,etodolac,approved_library,3POZ,EGFR,WT,-0.77,-6.94472,2.19027,0.14775,5.16278
1,etodolac,approved_library,5UGC,EGFR,L858R+T790M,-0.77,-7.43089,1.68741,0.25955,5.03219
1,etoricoxib,approved_library,3POZ,EGFR,WT,-0.49,-7.6279,2.0694,0.35372,6.65322
1,etoricoxib,approved_library,5UGC,EGFR,L858R+T790M,-0.96,-5.93375,2.61669,0.06253,4.9179
1,etretinate,approved_library,3POZ,EGFR,WT,-0.56,-5.00289,2.47955,0.37351,6.45521
1,etretinate,approved_library,5UGC,EGFR,L858R+T790M,-1.15,-2.22702,1.30603,0.49008,6.20696
1,fenclofenac,approved_library,3POZ,EGFR,WT,-0.05,-7.53237,0.92589,0.30177,5.57957
1,fenclofenac,approved_library,5UGC,EGFR,L858R+T790M,-1.18,-7.4629,1.64486,0.42006,5.51901
1,fenoldopam,approved_library,3POZ,EGFR,WT,0.36,-8.01065,0.68877,0.49895,5.92107
1,fenoldopam,approved_library,5UGC,EGFR,L858R+T790M,0.62,-9.73069,0.68134,0.81421,6.48439
1,fentanyl,approved_library,3POZ,EGFR,WT,-0.54,-8.83397,1.20683,0.26077,5.72708
1,fentanyl,approved_library,5UGC,EGFR,L858R+T790M,-1.66,-8.03694,2.11366,0.20769,4.99731
1,fluconazole,approved_library,3POZ,EGFR,WT,-0.48,-6.07054,0.9363,0.35879,6.0964
1,fluconazole,approved_library,5UGC,EGFR,L858R+T790M,-1.38,-6.7319,2.33465,0.23222,6.01369
1,flumazenil,approved_library,3POZ,EGFR,WT,0.09,-7.45555,0.88164,0.81438,6.26835
1,flumazenil,approved_library,5UGC,EGFR,L858R+T790M,-1.8,-6.66798,5.34451,0.58085,5.67252
1,flunitrazepam,approved_library,3POZ,EGFR,WT,-0.15,-8.57892,0.76942,0.78154,6.50226
1,flunitrazepam,approved_library,5UGC,EGFR,L858R+T790M,-2.0,-8.80416,2.42836,0.62832,6.42079
1,fluoxetine,approved_library,3POZ,EGFR,WT,-0.49,-6.23713,1.05886,0.51726,5.79885
1,fluoxetine,approved_library,5UGC,EGFR,L858R+T790M,-0.42,-7.76502,0.70191,0.36359,5.26464
1,flurbiprofen,approved_library,3POZ,EGFR,WT,-0.51,-6.84672,0.9896,0.64159,5.75162
1,flurbiprofen,approved_library,5UGC,EGFR,L858R+T790M,-0.14,-6.50768,0.89295,0.21213,4.59747
1,furosemide,approved_library,3POZ,EGFR,WT,-0.17,-7.14409,1.32966,0.44497,5.50062
1,furosemide,approved_library,5UGC,EGFR,L858R+T790M,-0.98,-6.62145,2.44873,0.5698,6.19555
1,gatifloxacin,approved_library,3POZ,EGFR,WT,-0.96,-7.72214,1.06018,0.04542,5.18021
1,gatifloxacin,approved_library,5UGC,EGFR,L858R+T790M,0.43,-7.84464,0.94266,0.51882,6.69612
1,gefitinib,known_answer,3POZ,EGFR,WT,-0.16,-7.7691,1.04821,0.939,8.08974
1,gefitinib,known_answer,5UGC,EGFR,L858R+T790M,-1.57,-7.01336,4.83538,0.13863,6.38757
1,gemfibrozil,approved_library,3POZ,EGFR,WT,-1.06,-5.54028,1.4348,0.32806,4.71467
1,gemfibrozil,approved_library,5UGC,EGFR,L858R+T790M,-1.24,-6.68305,1.57101,0.388,4.97136
1,gemifloxacin,approved_library,3POZ,EGFR,WT,-0.15,-7.45786,1.77616,0.56797,6.83987
1,gemifloxacin,approved_library,5UGC,EGFR,L858R+T790M,-0.23,-8.70789,1.68336,0.59604,7.07519
1,glyburide,approved_library,3POZ,EGFR,WT,-1.81,-8.39155,3.54774,0.21295,6.44451
1,glyburide,approved_library,5UGC,EGFR,L858R+T790M,-1.8,0.40252,1.099,0.58453,6.93458
1,grepafloxacin,approved_library,3POZ,EGFR,WT,-0.92,-8.34837,1.71682,0.0435,5.0267
1,grepafloxacin,approved_library,5UGC,EGFR,L858R+T790M,-0.22,-9.05981,2.53212,0.47137,6.79749
1,griseofulvin,approved_library,3POZ,EGFR,WT,-0.61,-6.57171,0.86474,0.16128,5.32645
1,griseofulvin,approved_library,5UGC,EGFR,L858R+T790M,-0.52,-0.24865,1.11108,0.59099,5.94009
1,guanabenz,approved_library,3POZ,EGFR,WT,-0.57,-5.96127,1.12126,0.70749,4.5675
1,guanabenz,approved_library,5UGC,EGFR,L858R+T790M,-0.28,-6.15681,0.88372,0.55431,4.96535
1,haloperidol,approved_library,3POZ,EGFR,WT,-0.23,-8.79745,1.41723,0.57854,6.5343
1,haloperidol,approved_library,5UGC,EGFR,L858R+T790M,-1.33,-7.13759,1.71688,0.33464,5.59708
1,hexachlorophene,approved_library,3POZ,EGFR,WT,-0.33,-5.87138,0.85261,0.47886,7.09966
1,hexachlorophene,approved_library,5UGC,EGFR,L858R+T790M,-1.59,-5.84279,2.23381,0.02794,5.73932
1,hexestrol,approved_library,3POZ,EGFR,WT,-0.03,-7.56459,1.28125,0.39956,5.88985
1,hexestrol,approved_library,5UGC,EGFR,L858R+T790M,-1.2,-6.03943,1.24413,0.63447,5.59445
1,hexobarbital,approved_library,3POZ,EGFR,WT,-1.15,-5.61257,1.49291,0.20286,4.89998
1,hexobarbital,approved_library,5UGC,EGFR,L858R+T790M,-0.13,-5.50645,1.9812,0.61769,5.78705
1,hydralazine,approved_library,3POZ,EGFR,WT,0.38,-6.14646,0.52082,0.89283,4.14629
1,hydralazine,approved_library,5UGC,EGFR,L858R+T790M,0.13,-6.48561,0.55345,0.947,4.65426
1,hydrochlorothiazide,approved_library,3POZ,EGFR,WT,-0.76,-5.89671,0.75267,0.71462,5.75469
1,hydrochlorothiazide,approved_library,5UGC,EGFR,L858R+T790M,-0.43,-6.49904,0.9593,0.83996,5.74283
1,ibudilast,approved_library,3POZ,EGFR,WT,0.17,-6.94601,0.68187,0.29233,5.10522
1,ibudilast,approved_library,5UGC,EGFR,L858R+T790M,-0.16,-5.83976,1.60897,0.29703,5.39362
1,ibuprofen,approved_library,3POZ,EGFR,WT,0.02,-6.88782,1.15662,0.51302,4.83878
1,ibuprofen,approved_library,5UGC,EGFR,L858R+T790M,-0.12,-6.29521,1.3346,0.33011,4.86062
1,ibutilide,approved_library,3POZ,EGFR,WT,-1.08,-6.62392,1.82132,0.11869,5.56616
1,ibutilide,approved_library,5UGC,EGFR,L858R+T790M,-1.63,-5.87325,3.10717,0.19257,5.4731
1,iloperidone,approved_library,3POZ,EGFR,WT,-0.5,-9.05526,1.46109,0.61022,6.99149
1,iloperidone,approved_library,5UGC,EGFR,L858R+T790M,-1.97,-7.00259,2.66148,0.38365,7.02854
1,iloprost,approved_library,3POZ,EGFR,WT,-0.66,-7.36594,1.5575,0.15137,5.46034
1,iloprost,approved_library,5UGC,EGFR,L858R+T790M,-1.33,-5.13563,5.61646,0.07625,5.71248
1,imatinib,multi_kinase,3POZ,EGFR,WT,-1.11,-2.06803,1.76626,0.28582,7.04428
1,imatinib,multi_kinase,5UGC,EGFR,L858R+T790M,-0.83,-9.44637,5.06503,0.09586,6.92387
1,imipramine,approved_library,3POZ,EGFR,WT,-0.92,-7.25938,1.70601,0.23949,5.15309
1,imipramine,approved_library,5UGC,EGFR,L858R+T790M,-0.56,-7.41404,0.70422,0.46466,5.71102
1,inamrinone,approved_library,3POZ,EGFR,WT,0.34,-6.2719,0.32019,0.5908,5.00398
1,inamrinone,approved_library,5UGC,EGFR,L858R+T790M,0.07,-6.53926,0.59153,0.92008,5.61688
1,indalpine,approved_library,3POZ,EGFR,WT,-0.28,-7.70179,2.5579,0.41666,5.47622
1,indalpine,approved_library,5UGC,EGFR,L858R+T790M,-1.13,-6.44385,0.93758,0.21223,4.87586
1,indapamide,approved_library,3POZ,EGFR,WT,-0.8,-8.65102,0.69084,0.77631,6.87348
1,indapamide,approved_library,5UGC,EGFR,L858R+T790M,-0.59,-7.348,2.50482,0.1782,5.21147
1,indinavir-anhydrous,approved_library,3POZ,EGFR,WT,-1.51,-6.65189,1.1559,0.21931,7.27205
1,indinavir-anhydrous,approved_library,5UGC,EGFR,L858R+T790M,-2.38,-8.28366,4.50915,0.10767,5.86171
1,indomethacin,approved_library,3POZ,EGFR,WT,-0.02,-8.42669,2.44947,0.78898,6.75446
1,indomethacin,approved_library,5UGC,EGFR,L858R+T790M,-1.65,-7.56161,1.74998,0.2721,5.7588
1,indoprofen,approved_library,3POZ,EGFR,WT,0.07,-8.96773,0.75814,0.88901,6.11396
1,indoprofen,approved_library,5UGC,EGFR,L858R+T790M,-0.25,-8.26903,0.53078,0.80177,5.65422
1,irinotecan,approved_library,3POZ,EGFR,WT,-1.26,-10.25425,1.81748,0.54965,7.42195
1,irinotecan,approved_library,5UGC,EGFR,L858R+T790M,-1.22,-5.9195,1.04397,0.43789,7.26806
1,isoproterenol,approved_library,3POZ,EGFR,WT,-0.25,-5.95342,0.69134,0.55592,4.23111
1,isoproterenol,approved_library,5UGC,EGFR,L858R+T790M,-0.06,-6.12517,1.56467,0.61257,4.19134
1,isosorbide-dinitrate,approved_library,3POZ,EGFR,WT,-0.1,-5.22094,2.31657,0.21787,2.90518
1,isosorbide-dinitrate,approved_library,5UGC,EGFR,L858R+T790M,-0.66,-5.52822,1.89591,0.24129,3.5358
1,isotretinoin,approved_library,3POZ,EGFR,WT,-0.37,-7.05844,0.92677,0.53196,6.28986
1,isotretinoin,approved_library,5UGC,EGFR,L858R+T790M,-0.96,-7.76981,3.20107,0.28215,5.63323
1,itraconazole,repurposing_candidate,3POZ,EGFR,WT,-1.34,-7.37523,2.32216,0.18423,7.07274
1,itraconazole,repurposing_candidate,5UGC,EGFR,L858R+T790M,-2.99,3.38008,1.37259,0.31418,7.18598
1,ketanserin,approved_library,3POZ,EGFR,WT,0.05,-10.90803,1.05958,0.93674,7.73188
1,ketanserin,approved_library,5UGC,EGFR,L858R+T790M,-1.5,-7.61085,2.04729,0.44602,6.6776
1,ketoprofen,approved_library,3POZ,EGFR,WT,0.14,-8.57507,0.45658,0.86087,5.8205
1,ketoprofen,approved_library,5UGC,EGFR,L858R+T790M,-0.13,-7.63933,1.60877,0.33986,4.80636
1,ketorolac,approved_library,3POZ,EGFR,WT,0.24,-8.63361,0.67517,0.83482,5.60118
1,ketorolac,approved_library,5UGC,EGFR,L858R+T790M,-0.25,-5.45204,2.24985,0.44167,5.33402
1,ketotifen,approved_library,3POZ,EGFR,WT,-0.03,-8.27095,1.8318,0.41412,5.94762
1,ketotifen,approved_library,5UGC,EGFR,L858R+T790M,0.11,-6.56028,0.6943,0.33992,6.2851
1,labetalol,approved_library,3POZ,EGFR,WT,0.1,-8.75202,0.65419,0.80931,6.83901
1,labetalol,approved_library,5UGC,EGFR,L858R+T790M,-0.77,-6.75803,1.0885,0.69996,5.95511
1,lansoprazole,approved_library,3POZ,EGFR,WT,-0.38,-6.6429,1.00418,0.66652,6.54607
1,lansoprazole,approved_library,5UGC,EGFR,L858R+T790M,-1.18,-6.5084,3.18871,0.18288,5.28053
1,lapatinib,egfr_family,3POZ,EGFR,WT,-0.55,-10.42011,1.22379,0.93957,8.58887
1,lapatinib,egfr_family,5UGC,EGFR,L858R+T790M,-1.77,0.54727,2.58997,0.66372,8.21876
1,levofloxacin-anhydrous,approved_library,3POZ,EGFR,WT,0.27,-6.92166,2.4425,0.44792,6.18185
1,levofloxacin-anhydrous,approved_library,5UGC,EGFR,L858R+T790M,0.53,-8.4549,0.82831,0.45097,6.18301
1,levorphanol,approved_library,3POZ,EGFR,WT,-0.93,-6.90973,2.28198,0.1434,5.32352
1,levorphanol,approved_library,5UGC,EGFR,L858R+T790M,-0.89,-8.60385,1.90655,0.25836,5.76576
1,lidocaine,approved_library,3POZ,EGFR,WT,-0.08,-6.52731,0.88393,0.61972,5.43275
1,lidocaine,approved_library,5UGC,EGFR,L858R+T790M,-0.51,-5.60131,1.30342,0.26109,4.8491
1,lindane,approved_library,3POZ,EGFR,WT,-0.25,-3.74049,1.71827,0.17462,4.37317
1,lindane,approved_library,5UGC,EGFR,L858R+T790M,-1.02,-1.27836,1.12832,0.11518,4.27993
1,linezolid,approved_library,3POZ,EGFR,WT,0.14,-8.97492,0.7487,0.29607,5.43739
1,linezolid,approved_library,5UGC,EGFR,L858R+T790M,-0.86,-6.34891,2.47585,0.25085,5.25143
1,lofexidine,approved_library,3POZ,EGFR,WT,-0.05,-6.91041,0.7908,0.63751,5.73769
1,lofexidine,approved_library,5UGC,EGFR,L858R+T790M,-0.24,-6.4013,1.58492,0.3545,5.56733
1,lomefloxacin,approved_library,3POZ,EGFR,WT,0.34,-7.64406,0.99435,0.59238,6.7206
1,lomefloxacin,approved_library,5UGC,EGFR,L858R+T790M,0.16,-7.82907,1.35512,0.60301,6.81353
1,lomustine,approved_library,3POZ,EGFR,WT,0.0,-4.70192,0.69636,0.43253,5.01866
1,lomustine,approved_library,5UGC,EGFR,L858R+T790M,-0.35,-4.52869,1.36365,0.34548,4.60707
1,lorazepam,approved_library,3POZ,EGFR,WT,-0.39,-6.19688,3.27874,0.44975,6.00344
1,lorazepam,approved_library,5UGC,EGFR,L858R+T790M,-0.4,-7.46415,1.13855,0.90101,6.83774
1,lormetazepam,approved_library,3POZ,EGFR,WT,-0.01,-7.68943,1.12333,0.29983,5.79707
1,lormetazepam,approved_library,5UGC,EGFR,L858R+T790M,-1.28,-5.48979,1.84485,0.32951,5.83869
1,lovastatin,approved_library,3POZ,EGFR,WT,-1.73,-6.7063,2.14994,0.06707,5.13302
1,lovastatin,approved_library,5UGC,EGFR,L858R+T790M,-2.01,-6.28967,1.19854,0.58344,6.50256
1,loxoprofen,approved_library,3POZ,EGFR,WT,0.14,-8.3498,0.82538,0.69886,5.65403
1,loxoprofen,approved_library,5UGC,EGFR,L858R+T790M,-0.81,-6.82542,0.86267,0.18035,4.38306
1,macimorelin,approved_library,3POZ,EGFR,WT,-1.03,-8.23685,1.36754,0.05655,6.44709
1,macimorelin,approved_library,5UGC,EGFR,L858R+T790M,-1.53,-7.35622,1.62659,0.06739,6.1988
1,mafenide,approved_library,3POZ,EGFR,WT,-0.07,-5.17944,0.86057,0.59295,3.49261
1,mafenide,approved_library,5UGC,EGFR,L858R+T790M,-0.72,-6.08018,2.11916,0.24422,3.91817
1,maralixibat-chloride,approved_library,3POZ,EGFR,WT,-1.5,-5.45951,3.7549,0.06484,6.8317
1,maralixibat-chloride,approved_library,5UGC,EGFR,L858R+T790M,-2.17,-3.69957,2.80348,0.0696,6.69469
1,mecamylamine,approved_library,3POZ,EGFR,WT,-0.76,-4.0569,1.96402,0.19226,3.97268
1,mecamylamine,approved_library,5UGC,EGFR,L858R+T790M,-0.58,-4.17682,2.68838,0.18682,3.46484
1,mechlorethamine,approved_library,3POZ,EGFR,WT,-0.37,-3.25092,1.17304,0.52292,3.41316
1,mechlorethamine,approved_library,5UGC,EGFR,L858R+T790M,-0.28,-3.45441,1.03728,0.58114,3.24975
1,meclofenamic-acid,approved_library,3POZ,EGFR,WT,-0.08,-7.56793,0.61177,0.86577,6.22405
1,meclofenamic-acid,approved_library,5UGC,EGFR,L858R+T790M,-0.92,-4.45262,0.89911,0.29217,5.73187
1,melagatran,approved_library,3POZ,EGFR,WT,-0.89,-7.27234,1.98643,0.10768,5.9487
1,melagatran,approved_library,5UGC,EGFR,L858R+T790M,-2.0,-6.48536,2.77127,0.03674,5.29104
1,melatonin,approved_library,3POZ,EGFR,WT,-0.16,-6.06166,1.95692,0.31544,4.48911
1,melatonin,approved_library,5UGC,EGFR,L858R+T790M,-0.66,-6.78258,1.41645,0.19782,4.90738
1,meloxicam,approved_library,3POZ,EGFR,WT,0.04,-7.11344,0.80245,0.8355,6.62927
1,meloxicam,approved_library,5UGC,EGFR,L858R+T790M,-0.42,-7.96467,2.05944,0.22553,5.40148
1,menadione,approved_library,3POZ,EGFR,WT,0.35,-7.09433,1.60117,0.78846,5.14774
1,menadione,approved_library,5UGC,EGFR,L858R+T790M,0.4,-6.93685,1.45019,0.86896,5.05519
1,meperidine,approved_library,3POZ,EGFR,WT,-0.57,-5.06268,1.82286,0.11882,4.44335
1,meperidine,approved_library,5UGC,EGFR,L858R+T790M,-0.72,-5.86335,1.69683,0.3159,5.17122
1,meropenem,approved_library,3POZ,EGFR,WT,-0.15,-8.45226,1.01312,0.11808,5.72427
1,meropenem,approved_library,5UGC,EGFR,L858R+T790M,-1.88,-5.80449,1.99787,0.07426,5.5385
1,metformin,repurposing_candidate,3POZ,EGFR,WT,0.24,-3.64962,1.04335,0.88093,4.29364
1,metformin,repurposing_candidate,5UGC,EGFR,L858R+T790M,0.44,-3.95014,0.66264,0.90131,4.10238
1,methaqualone,approved_library,3POZ,EGFR,WT,-0.61,-7.62584,0.61667,0.29426,5.57605
1,methaqualone,approved_library,5UGC,EGFR,L858R+T790M,-1.03,-8.30082,2.80356,0.30536,5.33255
1,metharbital,approved_library,3POZ,EGFR,WT,-0.29,-4.51735,1.01352,0.79254,4.95309
1,metharbital,approved_library,5UGC,EGFR,L858R+T790M,-0.24,-5.96426,1.13658,0.8981,5.46435
1,methazolamide,approved_library,3POZ,EGFR,WT,-0.08,-4.82126,1.05375,0.76322,4.31668
1,methazolamide,approved_library,5UGC,EGFR,L858R+T790M,-0.9,-4.55467,1.71958,0.64387,4.34268
1,methicillin,approved_library,3POZ,EGFR,WT,-0.98,-5.81723,2.08125,0.21971,5.58624
1,methicillin,approved_library,5UGC,EGFR,L858R+T790M,-0.66,-3.95439,1.25366,0.29946,6.02589
1,methohexital,approved_library,3POZ,EGFR,WT,-0.8,-5.41542,3.40658,0.08299,4.67605
1,methohexital,approved_library,5UGC,EGFR,L858R+T790M,-0.89,-3.94226,1.46149,0.71245,6.16694
1,methoxamine,approved_library,3POZ,EGFR,WT,-0.61,-5.37013,0.88525,0.8428,4.55715
1,methoxamine,approved_library,5UGC,EGFR,L858R+T790M,-0.27,-5.0694,1.75622,0.34428,4.84531
1,methoxsalen,approved_library,3POZ,EGFR,WT,0.04,-6.00382,0.74554,0.8793,4.75495
1,methoxsalen,approved_library,5UGC,EGFR,L858R+T790M,-0.3,-6.8577,1.79531,0.70675,5.01872
1,methyldopa,approved_library,3POZ,EGFR,WT,-0.29,-5.86471,1.26554,0.57667,3.98419
1,methyldopa,approved_library,5UGC,EGFR,L858R+T790M,-0.62,-6.13066,0.61716,0.48679,4.24178
1,metoclopramide,approved_library,3POZ,EGFR,WT,-0.48,-5.7735,1.44413,0.12304,5.06772
1,metoclopramide,approved_library,5UGC,EGFR,L858R+T790M,-0.21,-5.89933,0.88844,0.61555,6.043
1,metoprolol,approved_library,3POZ,EGFR,WT,-0.11,-7.17222,1.41865,0.15564,4.27704
1,metoprolol,approved_library,5UGC,EGFR,L858R+T790M,-0.7,-5.25568,1.25764,0.19497,4.37354
1,mexiletine,approved_library,3POZ,EGFR,WT,-0.35,-6.09925,0.52132,0.71958,4.68402
1,mexiletine,approved_library,5UGC,EGFR,L858R+T790M,0.01,-5.93991,0.82074,0.47079,4.40965
1,mianserin,approved_library,3POZ,EGFR,WT,-0.77,-7.48122,2.12677,0.05528,4.29966
1,mianserin,approved_library,5UGC,EGFR,L858R+T790M,0.39,-8.12643,0.8641,0.50143,5.50408
1,miconazole,approved_library,3POZ,EGFR,WT,-0.66,-6.17604,0.56691,0.56822,6.99812
1,miconazole,approved_library,5UGC,EGFR,L858R+T790M,-1.8,-6.67055,3.16708,0.23719,5.8371
1,miltefosine,approved_library,3POZ,EGFR,WT,-1.17,-6.02594,2.30109,0.19255,5.24553
1,miltefosine,approved_library,5UGC,EGFR,L858R+T790M,-1.63,-2.40635,1.83518,0.66528,5.75691
1,misoprostol,approved_library,3POZ,EGFR,WT,-0.94,-6.50289,1.19963,0.5856,6.44583
1,misoprostol,approved_library,5UGC,EGFR,L858R+T790M,-1.84,-5.32147,2.68016,0.10569,5.16957
1,mitomycin,approved_library,3POZ,EGFR,WT,0.03,-7.03531,2.72633,0.29972,5.6237
1,mitomycin,approved_library,5UGC,EGFR,L858R+T790M,-0.1,-6.70915,1.17364,0.53562,6.09371
1,mitoxantrone,approved_library,3POZ,EGFR,WT,-1.04,-7.40068,1.57432,0.73297,6.39198
1,mitoxantrone,approved_library,5UGC,EGFR,L858R+T790M,0.11,-8.53271,1.43046,0.9635,7.83329
1,molindone,approved_library,3POZ,EGFR,WT,-0.26,-5.74413,2.49491,0.0654,4.29042
1,molindone,approved_library,5UGC,EGFR,L858R+T790M,-0.21,-6.82789,1.72165,0.39626,5.69366
1,morphine,approved_library,3POZ,EGFR,WT,-0.48,-5.60633,3.23427,0.08337,4.71828
1,morphine,approved_library,5UGC,EGFR,L858R+T790M,-0.38,-6.88971,1.60185,0.55588,5.85263
1,moxifloxacin,approved_library,3POZ,EGFR,WT,-0.79,-3.86441,1.52029,0.0391,4.59786
1,moxifloxacin,approved_library,5UGC,EGFR,L858R+T790M,-0.2,-7.74278,0.83491,0.46036,6.87219
1,moxonidine,approved_library,3POZ,EGFR,WT,-0.35,-5.27062,0.86203,0.86285,5.96372
1,moxonidine,approved_library,5UGC,EGFR,L858R+T790M,-1.09,-5.40093,1.59834,0.2981,4.97397
1,naftifine,approved_library,3POZ,EGFR,WT,0.03,-8.7936,0.86339,0.32961,5.19754
1,naftifine,approved_library,5UGC,EGFR,L858R+T790M,-0.76,-8.49702,2.66382,0.20642,5.06988
1,nalidixic-acid,approved_library,3POZ,EGFR,WT,-0.46,-6.7598,1.40515,0.58651,5.28774
1,nalidixic-acid,approved_library,5UGC,EGFR,L858R+T790M,0.41,-6.92757,0.89085,0.63187,5.89317
1,naloxone,approved_library,3POZ,EGFR,WT,-0.36,-6.11237,3.99587,0.12006,4.6582
1,naloxone,approved_library,5UGC,EGFR,L858R+T790M,-0.53,-6.5539,1.17973,0.69024,6.55057
1,naltrexone,approved_library,3POZ,EGFR,WT,-0.19,-7.30445,2.75046,0.18123,5.16631
1,naltrexone,approved_library,5UGC,EGFR,L858R+T790M,-0.79,-7.45388,1.25335,0.74353,6.7871
1,nefazodone,approved_library,3POZ,EGFR,WT,-1.49,-7.97175,1.97192,0.28922,6.83376
1,nefazodone,approved_library,5UGC,EGFR,L858R+T790M,-1.64,-0.33612,1.86872,0.41152,6.79695
1,nelfinavir,approved_library,3POZ,EGFR,WT,-0.89,-8.94884,2.87388,0.07455,6.13149
1,nelfinavir,approved_library,5UGC,EGFR,L858R+T790M,-2.13,-8.09831,2.82798,0.2505,7.04195
1,neostigmine,approved_library,3POZ,EGFR,WT,-0.02,-5.82441,0.3284,0.51519,4.32339
1,neostigmine,approved_library,5UGC,EGFR,L858R+T790M,-1.15,-5.12763,0.53928,0.19826,4.16885
1,neratinib,egfr_family,3POZ,EGFR,WT,-0.28,-8.48199,1.85945,0.70138,8.70107
1,neratinib,egfr_family,5UGC,EGFR,L858R+T790M,-1.13,0.63493,2.05465,0.63129,8.47259
1,nevirapine,approved_library,3POZ,EGFR,WT,-0.2,-6.64059,1.53761,0.23486,5.87645
1,nevirapine,approved_library,5UGC,EGFR,L858R+T790M,0.1,-6.2437,0.62437,0.7917,6.99166
1,nicotine,approved_library,3POZ,EGFR,WT,0.46,-5.304,0.92128,0.85081,4.46731
1,nicotine,approved_library,5UGC,EGFR,L858R+T790M,-0.04,-5.61157,0.2156,0.88386,4.98466
1,nitrazepam,approved_library,3POZ,EGFR,WT,-0.61,-7.50247,1.36943,0.43709,5.91884
1,nitrazepam,approved_library,5UGC,EGFR,L858R+T790M,0.3,-7.17828,0.86749,0.69729,6.00391
1,nitrofurantoin,approved_library,3POZ,EGFR,WT,-0.29,-6.83677,1.73669,0.28143,4.69565
1,nitrofurantoin,approved_library,5UGC,EGFR,L858R+T790M,-0.31,-5.9399,0.97526,0.87124,5.1634
1,nomifensine,approved_library,3POZ,EGFR,WT,-0.28,-6.78252,0.91142,0.42499,5.44912
1,nomifensine,approved_library,5UGC,EGFR,L858R+T790M,0.27,-8.64866,0.49237,0.29066,5.08679
1,norfloxacin,approved_library,3POZ,EGFR,WT,0.29,-7.32202,1.12778,0.68986,6.35495
1,norfloxacin,approved_library,5UGC,EGFR,L858R+T790M,0.46,-8.1943,1.48364,0.52084,6.40267
1,nortriptyline,approved_library,3POZ,EGFR,WT,-0.59,-3.25898,1.38547,0.36526,5.49667
1,nortriptyline,approved_library,5UGC,EGFR,L858R+T790M,-0.91,-5.9773,2.18892,0.50467,4.99886
1,ofloxacin,approved_library,3POZ,EGFR,WT,0.18,-7.23553,2.30693,0.66017,6.19673
1,ofloxacin,approved_library,5UGC,EGFR,L858R+T790M,0.46,-8.20321,0.64094,0.46073,6.22318
1,olsalazine,approved_library,3POZ,EGFR,WT,-0.13,-8.69619,1.47815,0.61162,5.38059
1,olsalazine,approved_library,5UGC,EGFR,L858R+T790M,-0.59,-7.66623,0.83221,0.24343,5.10724
1,ondansetron,approved_library,3POZ,EGFR,WT,-0.1,-7.07938,1.4451,0.40507,6.19989
1,ondansetron,approved_library,5UGC,EGFR,L858R+T790M,-0.26,-7.34798,2.56289,0.09066,5.05099
1,osimertinib,known_answer,3POZ,EGFR,WT,-0.69,-6.20712,1.19321,0.75644,8.20598
1,osimertinib,known_answer,5UGC,EGFR,L858R+T790M,-1.22,-7.47971,2.65168,0.68863,8.04796
1,oxazepam,approved_library,3POZ,EGFR,WT,0.42,-7.75149,0.4964,0.70186,5.51037
1,oxazepam,approved_library,5UGC,EGFR,L858R+T790M,0.18,-7.44541,1.23355,0.87917,6.48617
1,oxprenolol,approved_library,3POZ,EGFR,WT,-0.68,-6.51161,2.71898,0.49522,4.82891
1,oxprenolol,approved_library,5UGC,EGFR,L858R+T790M,-0.15,-6.11337,1.18929,0.38142,4.6944
1,ozagrel,approved_library,3POZ,EGFR,WT,0.02,-6.42997,0.83081,0.73087,5.65718
1,ozagrel,approved_library,5UGC,EGFR,L858R+T790M,-0.72,-6.24695,1.59146,0.75263,5.59439
1,paroxetine,approved_library,3POZ,EGFR,WT,-0.97,-8.83281,1.78218,0.73361,6.40209
1,paroxetine,approved_library,5UGC,EGFR,L858R+T790M,-0.88,-7.12674,1.83123,0.09277,4.65807
1,penicillin-g,approved_library,3POZ,EGFR,WT,-0.74,-6.43894,1.29891,0.43117,6.11868
1,penicillin-g,approved_library,5UGC,EGFR,L858R+T790M,-0.31,-5.38247,2.42105,0.08613,5.28674
1,penicillin-v,approved_library,3POZ,EGFR,WT,-0.44,-8.10448,2.31193,0.31495,5.88959
1,penicillin-v,approved_library,5UGC,EGFR,L858R+T790M,-0.48,-5.32157,2.58111,0.0674,5.1582
1,pentamidine,approved_library,3POZ,EGFR,WT,-0.61,-7.17794,1.81376,0.13197,5.51428
1,pentamidine,approved_library,5UGC,EGFR,L858R+T790M,-1.43,-7.24308,1.63206,0.19852,5.92916
1,pentobarbital,approved_library,3POZ,EGFR,WT,-1.41,-4.3141,2.4453,0.14398,4.52523
1,pentobarbital,approved_library,5UGC,EGFR,L858R+T790M,-0.95,-5.45796,3.73952,0.09565,4.36969
1,pentoxifylline,approved_library,3POZ,EGFR,WT,-0.47,-6.77938,2.5873,0.5154,5.79686
1,pentoxifylline,approved_library,5UGC,EGFR,L858R+T790M,-0.5,-6.40853,1.58584,0.95352,6.60805
1,pergolide,approved_library,3POZ,EGFR,WT,-0.24,-8.30867,2.89634,0.13162,5.40774
1,pergolide,approved_library,5UGC,EGFR,L858R+T790M,-0.15,-6.81547,1.1469,0.50882,6.73745
1,perphenazine,approved_library,3POZ,EGFR,WT,-0.72,-7.71933,4.03982,0.15232,5.75835
1,perphenazine,approved_library,5UGC,EGFR,L858R+T790M,-1.3,-6.08065,1.78021,0.15188,6.30892
1,phenacetin,approved_library,3POZ,EGFR,WT,0.01,-5.04671,0.60232,0.57649,4.22305
1,phenacetin,approved_library,5UGC,EGFR,L858R+T790M,0.02,-5.1403,1.00246,0.81315,4.43239
1,phenobarbital,approved_library,3POZ,EGFR,WT,-1.02,-2.08906,0.56977,0.71887,5.43261
1,phenobarbital,approved_library,5UGC,EGFR,L858R+T790M,-1.06,-5.34383,4.18291,0.09173,4.02472
1,phentolamine,approved_library,3POZ,EGFR,WT,-0.07,-7.26624,0.85061,0.71585,6.18167
1,phentolamine,approved_library,5UGC,EGFR,L858R+T790M,-0.1,-7.88563,0.69464,0.93605,7.01677
1,phenylbutazone,approved_library,3POZ,EGFR,WT,-0.05,-7.49178,2.05034,0.18206,5.29832
1,phenylbutazone,approved_library,5UGC,EGFR,L858R+T790M,-0.64,-6.55039,0.85649,0.8082,6.64839
1,phenytoin,approved_library,3POZ,EGFR,WT,-0.41,-4.47096,0.7826,0.55428,5.73902
1,phenytoin,approved_library,5UGC,EGFR,L858R+T790M,-0.41,-5.09073,1.56901,0.59724,5.57772
1,physostigmine,approved_library,3POZ,EGFR,WT,-0.06,-7.32032,1.95551,0.22087,5.32687
1,physostigmine,approved_library,5UGC,EGFR,L858R+T790M,-0.71,-6.68373,2.62231,0.85494,6.79494
1,pilocarpine,approved_library,3POZ,EGFR,WT,-0.01,-5.2791,0.26803,0.84937,5.37332
1,pilocarpine,approved_library,5UGC,EGFR,L858R+T790M,-0.28,-5.85722,0.54695,0.87543,5.49108
1,pindolol,approved_library,3POZ,EGFR,WT,-0.4,-6.94053,1.53471,0.08908,3.95047
1,pindolol,approved_library,5UGC,EGFR,L858R+T790M,-0.39,-6.07365,0.69382,0.40621,4.69591
1,pioglitazone,approved_library,3POZ,EGFR,WT,-0.45,-7.66111,1.05938,0.26462,5.71761
1,pioglitazone,approved_library,5UGC,EGFR,L858R+T790M,-1.23,-6.14103,1.53146,0.25989,6.00428
1,pirenzepine,approved_library,3POZ,EGFR,WT,-0.66,-7.89025,1.622,0.56606,6.24508
1,pirenzepine,approved_library,5UGC,EGFR,L858R+T790M,0.03,-7.6412,3.08094,0.16705,6.15819
1,piroxicam,approved_library,3POZ,EGFR,WT,0.1,-7.51688,0.62004,0.39895,5.93227
1,piroxicam,approved_library,5UGC,EGFR,L858R+T790M,-0.15,-7.89116,2.19378,0.20089,5.30382
1,plerixafor,approved_library,3POZ,EGFR,WT,-1.1,-6.5858,4.30677,0.01791,4.71423
1,plerixafor,approved_library,5UGC,EGFR,L858R+T790M,-1.62,-5.09318,2.53268,0.13897,6.11273
1,podofilox,approved_library,3POZ,EGFR,WT,-0.04,-7.80753,0.46085,0.89514,6.89387
1,podofilox,approved_library,5UGC,EGFR,L858R+T790M,-0.51,-7.11082,3.40944,0.14595,5.31232
1,ponatinib,multi_kinase,3POZ,EGFR,WT,-1.15,-8.76986,2.95654,0.08844,6.45187
1,ponatinib,multi_kinase,5UGC,EGFR,L858R+T790M,-2.76,5.23562,3.14953,0.54103,7.37191
1,practolol,approved_library,3POZ,EGFR,WT,-0.09,-7.14735,2.08537,0.28141,4.89607
1,practolol,approved_library,5UGC,EGFR,L858R+T790M,-0.99,-5.91645,1.65071,0.50881,4.87419
1,pranlukast,approved_library,3POZ,EGFR,WT,-0.88,-9.79613,1.45985,0.32505,7.64265
1,pranlukast,approved_library,5UGC,EGFR,L858R+T790M,-2.16,-7.73033,2.42519,0.23209,7.00337
1,prazosin,approved_library,3POZ,EGFR,WT,0.15,-8.45133,0.94219,0.59949,6.92242
1,prazosin,approved_library,5UGC,EGFR,L858R+T790M,-1.16,6.96016,0.94212,0.69891,7.0511
1,prednisone,approved_library,3POZ,EGFR,WT,-1.25,-8.07104,1.99981,0.35854,5.74613
1,prednisone,approved_library,5UGC,EGFR,L858R+T790M,-1.24,-7.13471,2.96652,0.56513,5.90923
1,primaquine,approved_library,3POZ,EGFR,WT,-0.62,-6.13985,1.87613,0.23131,5.06972
1,primaquine,approved_library,5UGC,EGFR,L858R+T790M,-0.35,-6.41036,0.83902,0.368,5.96952
1,probucol,approved_library,3POZ,EGFR,WT,-1.12,-6.70651,1.34702,0.10885,6.18213
1,probucol,approved_library,5UGC,EGFR,L858R+T790M,-1.85,-9.4415,1.64955,0.37365,7.87284
1,procainamide-hydrochloride,approved_library,3POZ,EGFR,WT,-0.44,-5.65388,1.24811,0.26549,4.95982
1,procainamide-hydrochloride,approved_library,5UGC,EGFR,L858R+T790M,-0.02,-6.33697,0.75711,0.73431,4.96265
1,procaine,approved_library,3POZ,EGFR,WT,-0.67,-5.03699,1.15726,0.11352,4.29318
1,procaine,approved_library,5UGC,EGFR,L858R+T790M,0.14,-6.32522,0.9671,0.73963,4.45836
1,progesterone,approved_library,3POZ,EGFR,WT,-0.7,-8.32428,1.02948,0.35915,5.72635
1,progesterone,approved_library,5UGC,EGFR,L858R+T790M,-2.09,-3.9983,3.50334,0.09774,5.43128
1,promazine,approved_library,3POZ,EGFR,WT,-0.45,-3.78049,0.76187,0.22515,5.34138
1,promazine,approved_library,5UGC,EGFR,L858R+T790M,-0.48,-6.34584,0.64916,0.35569,5.54391
1,promethazine,approved_library,3POZ,EGFR,WT,-0.68,-1.84463,1.46887,0.27175,5.38719
1,promethazine,approved_library,5UGC,EGFR,L858R+T790M,-0.66,-6.14732,0.88525,0.26502,5.63163
1,pronetalol,approved_library,3POZ,EGFR,WT,-0.14,-6.71905,1.3856,0.38448,4.97379
1,pronetalol,approved_library,5UGC,EGFR,L858R+T790M,-0.5,-6.85703,1.61914,0.34107,4.8147
1,propafenone,approved_library,3POZ,EGFR,WT,-0.67,-7.32969,0.79233,0.75765,6.73104
1,propafenone,approved_library,5UGC,EGFR,L858R+T790M,-0.81,-7.95039,2.79654,0.24313,5.35428
1,propofol,approved_library,3POZ,EGFR,WT,-0.33,-6.6045,0.84057,0.82133,5.25464
1,propofol,approved_library,5UGC,EGFR,L858R+T790M,-0.28,-6.48338,1.30024,0.46325,5.12684
1,propranolol,repurposing_candidate,3POZ,EGFR,WT,-0.34,-7.61246,1.11875,0.72211,5.8664
1,propranolol,repurposing_candidate,5UGC,EGFR,L858R+T790M,-0.95,-6.60383,1.3861,0.33532,4.89164
1,pyrilamine,approved_library,3POZ,EGFR,WT,-0.2,-6.22585,0.92587,0.27481,5.23622
1,pyrilamine,approved_library,5UGC,EGFR,L858R+T790M,-1.09,-5.95164,2.2034,0.1873,5.16536
1,pyrimethamine,approved_library,3POZ,EGFR,WT,0.29,-7.22143,0.67336,0.94115,6.32593
1,pyrimethamine,approved_library,5UGC,EGFR,L858R+T790M,-0.38,-6.09837,1.34791,0.78705,6.40115
1,quinacrine,approved_library,3POZ,EGFR,WT,-0.43,-7.17787,1.56979,0.56891,7.16842
1,quinacrine,approved_library,5UGC,EGFR,L858R+T790M,-0.66,-7.4574,1.49123,0.50264,7.11719
1,raloxifene,approved_library,3POZ,EGFR,WT,-0.53,-9.84099,2.97301,0.05113,5.95764
1,raloxifene,approved_library,5UGC,EGFR,L858R+T790M,-0.97,-6.60949,1.89543,0.1896,6.79139
1,reboxetine,approved_library,3POZ,EGFR,WT,-0.69,-6.86663,0.7212,0.09142,4.01148
1,reboxetine,approved_library,5UGC,EGFR,L858R+T790M,-0.2,-6.67394,0.55002,0.29271,5.15972
1,rimonabant,approved_library,3POZ,EGFR,WT,-2.2,0.23861,1.45332,0.71988,7.55559
1,rimonabant,approved_library,5UGC,EGFR,L858R+T790M,-0.59,-9.8483,2.09438,0.85643,7.90819
1,risperidone,approved_library,3POZ,EGFR,WT,-0.34,-10.46375,1.54889,0.65694,7.6854
1,risperidone,approved_library,5UGC,EGFR,L858R+T790M,-2.07,8.86932,1.22061,0.38886,7.11051
1,rivastigmine,approved_library,3POZ,EGFR,WT,-0.03,-6.65332,1.27114,0.17667,3.84152
1,rivastigmine,approved_library,5UGC,EGFR,L858R+T790M,-0.44,-6.06719,1.00949,0.20426,4.67121
1,rofecoxib,approved_library,3POZ,EGFR,WT,-0.5,-8.0837,0.30077,0.49056,5.1872
1,rofecoxib,approved_library,5UGC,EGFR,L858R+T790M,-0.1,-9.19276,1.48973,0.78161,6.02662
1,ropinirole,approved_library,3POZ,EGFR,WT,-0.65,-6.73888,1.11085,0.29048,5.50673
1,ropinirole,approved_library,5UGC,EGFR,L858R+T790M,-0.24,-6.78807,1.08193,0.40696,5.71976
1,rosiglitazone,approved_library,3POZ,EGFR,WT,-0.24,-8.43179,0.76048,0.55665,6.02342
1,rosiglitazone,approved_library,5UGC,EGFR,L858R+T790M,-1.27,-5.98316,1.78691,0.16502,5.32281
1,saquinavir,approved_library,3POZ,EGFR,WT,-2.66,-6.51979,2.88586,0.01577,6.23858
1,saquinavir,approved_library,5UGC,EGFR,L858R+T790M,-2.89,-7.11962,4.91499,0.04835,5.41053
1,secobarbital,approved_library,3POZ,EGFR,WT,-0.69,-4.9397,1.48452,0.23379,4.96468
1,secobarbital,approved_library,5UGC,EGFR,L858R+T790M,-0.87,-5.45028,3.72266,0.17046,5.20673
1,sertindole,approved_library,3POZ,EGFR,WT,-0.75,-4.38101,3.16091,0.08799,6.17051
1,sertindole,approved_library,5UGC,EGFR,L858R+T790M,-1.03,-8.49494,1.0999,0.33558,6.90824
1,simvastatin,repurposing_candidate,3POZ,EGFR,WT,-1.47,-6.356,2.34573,0.28971,6.51597
1,simvastatin,repurposing_candidate,5UGC,EGFR,L858R+T790M,-2.14,-8.86003,2.96647,0.21917,5.66344
1,sitaxentan,approved_library,3POZ,EGFR,WT,-0.32,-7.67872,3.30124,0.23102,6.9772
1,sitaxentan,approved_library,5UGC,EGFR,L858R+T790M,-1.66,-7.22549,3.04437,0.20721,6.44509
1,sorafenib,multi_kinase,3POZ,EGFR,WT,-1.67,-9.03836,4.14912,0.11104,6.3536
1,sorafenib,multi_kinase,5UGC,EGFR,L858R+T790M,-1.17,0.39478,1.37922,0.8758,7.64381
1,sotalol,approved_library,3POZ,EGFR,WT,-0.11,-6.73534,1.74618,0.43572,5.06126
1,sotalol,approved_library,5UGC,EGFR,L858R+T790M,-0.99,-5.84625,1.94924,0.18705,4.91671
1,sotorasib,known_answer,3POZ,EGFR,WT,-1.99,-6.61645,2.30577,0.36891,7.94455
1,sotorasib,known_answer,5UGC,EGFR,L858R+T790M,-1.87,-5.62735,3.8839,0.0101,6.34253
1,spirapril,approved_library,3POZ,EGFR,WT,-0.22,-7.16007,1.12381,0.29931,6.21846
1,spirapril,approved_library,5UGC,EGFR,L858R+T790M,-1.24,-5.3649,2.96841,0.10979,6.26245
1,sulbactam,approved_library,3POZ,EGFR,WT,-0.68,-5.67653,1.61013,0.7803,4.55241
1,sulbactam,approved_library,5UGC,EGFR,L858R+T790M,0.08,-4.31605,1.12548,0.72608,5.49815
1,sulfacetamide,approved_library,3POZ,EGFR,WT,0.01,-6.80223,1.54008,0.27204,4.16874
1,sulfacetamide,approved_library,5UGC,EGFR,L858R+T790M,-1.16,-5.81306,0.86081,0.4511,4.34245
1,sulfadiazine,approved_library,3POZ,EGFR,WT,0.04,-7.09497,1.77214,0.24292,5.0181
1,sulfadiazine,approved_library,5UGC,EGFR,L858R+T790M,-0.95,-3.82546,0.61805,0.61008,5.31202
1,sulfamerazine,approved_library,3POZ,EGFR,WT,-0.15,-7.93398,0.99064,0.33135,5.77506
1,sulfamerazine,approved_library,5UGC,EGFR,L858R+T790M,-0.63,-4.50321,0.58869,0.68279,5.66561
1,sulfamethazine,approved_library,3POZ,EGFR,WT,0.01,-7.75966,1.23898,0.16839,4.99894
1,sulfamethazine,approved_library,5UGC,EGFR,L858R+T790M,-1.73,-3.51394,0.89842,0.25415,5.51892
1,sulfamethoxazole,approved_library,3POZ,EGFR,WT,0.03,-6.09459,1.71087,0.2714,5.10137
1,sulfamethoxazole,approved_library,5UGC,EGFR,L858R+T790M,-0.54,-6.29195,0.53401,0.52367,5.57835
1,sulfamethoxypyridazine,approved_library,3POZ,EGFR,WT,-0.01,-7.83242,2.84063,0.30387,5.36098
1,sulfamethoxypyridazine,approved_library,5UGC,EGFR,L858R+T790M,-0.82,-4.22986,1.71096,0.29553,4.85021
1,sulfanilamide,approved_library,3POZ,EGFR,WT,-0.2,-4.99468,1.6066,0.63139,3.72903
1,sulfanilamide,approved_library,5UGC,EGFR,L858R+T790M,-0.15,-5.32634,2.23204,0.3346,3.80204
1,sulfasalazine,approved_library,3POZ,EGFR,WT,-0.07,-9.7387,1.99666,0.66749,6.83139
1,sulfasalazine,approved_library,5UGC,EGFR,L858R+T790M,-1.02,-7.17394,0.9937,0.09667,5.39675
1,sulfathiazole,approved_library,3POZ,EGFR,WT,0.36,-7.47155,1.6119,0.38155,5.55843
1,sulfathiazole,approved_library,5UGC,EGFR,L858R+T790M,0.02,-6.00549,1.2335,0.51328,5.37641
1,sulfisoxazole,approved_library,3POZ,EGFR,WT,-0.05,-6.73895,1.61316,0.5351,5.78664
1,sulfisoxazole,approved_library,5UGC,EGFR,L858R+T790M,-1.07,-6.7699,1.76703,0.35365,5.10146
1,sulindac,approved_library,3POZ,EGFR,WT,-0.12,-9.35198,1.62097,0.30076,5.91189
1,sulindac,approved_library,5UGC,EGFR,L858R+T790M,-1.11,-7.9447,1.55109,0.23358,6.35692
1,sulpiride,approved_library,3POZ,EGFR,WT,-0.71,-6.36761,2.14558,0.48894,6.146
1,sulpiride,approved_library,5UGC,EGFR,L858R+T790M,-0.25,-7.33548,1.24791,0.89094,6.14026
1,sumatriptan,approved_library,3POZ,EGFR,WT,0.03,-6.22679,1.21806,0.22557,5.13103
1,sumatriptan,approved_library,5UGC,EGFR,L858R+T790M,-1.06,-6.40645,2.91262,0.21792,5.0393
1,sunitinib,multi_kinase,3POZ,EGFR,WT,-1.1,-7.20943,1.81524,0.70525,7.24593
1,sunitinib,multi_kinase,5UGC,EGFR,L858R+T790M,-0.64,-7.43944,1.89168,0.35225,6.5965
1,tacrine,approved_library,3POZ,EGFR,WT,0.5,-7.28484,1.16337,0.44661,5.35128
1,tacrine,approved_library,5UGC,EGFR,L858R+T790M,-0.19,-7.7066,1.07218,0.9169,6.13329
1,tamoxifen,approved_library,3POZ,EGFR,WT,-0.67,-7.45198,0.9806,0.36013,6.47762
1,tamoxifen,approved_library,5UGC,EGFR,L858R+T790M,-0.71,-8.28474,0.43098,0.31854,5.91566
1,tazobactam,approved_library,3POZ,EGFR,WT,-0.93,-5.09458,2.35892,0.12112,4.88926
1,tazobactam,approved_library,5UGC,EGFR,L858R+T790M,-0.58,-5.06303,0.84838,0.44586,5.41787
1,tegafur,approved_library,3POZ,EGFR,WT,0.15,-5.77765,1.2551,0.90903,4.7748
1,tegafur,approved_library,5UGC,EGFR,L858R+T790M,0.39,-6.20722,2.11249,0.84445,5.24019
1,temafloxacin,approved_library,3POZ,EGFR,WT,-0.46,-7.9274,1.34245,0.51185,7.30687
1,temafloxacin,approved_library,5UGC,EGFR,L858R+T790M,0.22,-9.34294,0.6481,0.61621,7.52303
1,terazosin,approved_library,3POZ,EGFR,WT,-0.28,-8.554,2.23252,0.37361,6.5655
1,terazosin,approved_library,5UGC,EGFR,L858R+T790M,-1.41,-6.79109,3.52067,0.19258,5.99116
1,terfenadine,approved_library,3POZ,EGFR,WT,-1.52,-8.46672,2.20762,0.14888,6.54885
1,terfenadine,approved_library,5UGC,EGFR,L858R+T790M,-2.12,0.55781,1.42005,0.27595,6.67557
1,thalidomide,repurposing_candidate,3POZ,EGFR,WT,-0.17,-6.49523,2.19019,0.69215,5.86964
1,thalidomide,repurposing_candidate,5UGC,EGFR,L858R+T790M,-0.03,-4.82185,0.98793,0.4736,5.53321
1,thiabendazole,approved_library,3POZ,EGFR,WT,-0.03,-5.85847,1.04446,0.24824,4.93269
1,thiabendazole,approved_library,5UGC,EGFR,L858R+T790M,0.36,-5.51992,0.63148,0.9481,5.93848
1,thiamylal,approved_library,3POZ,EGFR,WT,-0.97,-4.81685,2.23222,0.22679,4.78316
1,thiamylal,approved_library,5UGC,EGFR,L858R+T790M,-1.04,-3.64328,2.29879,0.2708,4.82361
1,thiopental,approved_library,3POZ,EGFR,WT,-1.32,-5.68076,3.63004,0.20201,3.86912
1,thiopental,approved_library,5UGC,EGFR,L858R+T790M,-0.93,-4.7101,3.2723,0.5819,5.2492
1,thioridazine,approved_library,3POZ,EGFR,WT,-0.7,-7.16768,1.01715,0.0375,5.17806
1,thioridazine,approved_library,5UGC,EGFR,L858R+T790M,-1.39,-6.75018,1.35893,0.24193,6.62989
1,ticrynafen,approved_library,3POZ,EGFR,WT,0.02,-7.31253,0.72653,0.80499,6.29453
1,ticrynafen,approved_library,5UGC,EGFR,L858R+T790M,-1.5,-6.25713,2.53008,0.49295,5.90247
1,timolol,approved_library,3POZ,EGFR,WT,-0.26,-6.63727,0.83752,0.16752,5.07863
1,timolol,approved_library,5UGC,EGFR,L858R+T790M,-0.85,-5.446,1.71654,0.23974,5.28438
1,toloxatone,approved_library,3POZ,EGFR,WT,0.38,-6.43425,0.55209,0.89201,4.75435
1,toloxatone,approved_library,5UGC,EGFR,L858R+T790M,0.28,-5.68777,0.47712,0.63472,4.7187
1,tolrestat,approved_library,3POZ,EGFR,WT,-0.88,-7.00767,0.75733,0.19494,4.82666
1,tolrestat,approved_library,5UGC,EGFR,L858R+T790M,-1.67,-6.41057,1.38488,0.59134,6.38579
1,topotecan,approved_library,3POZ,EGFR,WT,-0.38,-8.2971,0.69405,0.68341,7.11311
1,topotecan,approved_library,5UGC,EGFR,L858R+T790M,-0.64,-7.61761,3.1152,0.20314,6.21151
1,trazodone,approved_library,3POZ,EGFR,WT,0.06,-8.69632,0.67688,0.85144,7.16016
1,trazodone,approved_library,5UGC,EGFR,L858R+T790M,-1.62,2.66386,1.74723,0.49002,6.24246
1,tretinoin,approved_library,3POZ,EGFR,WT,-0.2,-7.80796,0.58341,0.48102,6.28573
1,tretinoin,approved_library,5UGC,EGFR,L858R+T790M,-1.58,0.83208,0.74919,0.31735,5.7794
1,triamterene,approved_library,3POZ,EGFR,WT,0.15,-8.14865,0.51182,0.91618,6.13674
1,triamterene,approved_library,5UGC,EGFR,L858R+T790M,-2.2,-7.96127,4.92638,0.09916,4.12997
1,tribromsalan,approved_library,3POZ,EGFR,WT,-0.49,-4.841,1.22042,0.40599,6.1034
1,tribromsalan,approved_library,5UGC,EGFR,L858R+T790M,-0.4,-6.87514,2.32599,0.59625,5.86951
1,trifluoperazine,approved_library,3POZ,EGFR,WT,-0.89,-5.67906,0.8423,0.0367,5.68455
1,trifluoperazine,approved_library,5UGC,EGFR,L858R+T790M,-1.4,-7.16318,1.40197,0.14908,5.96289
1,trifluperidol,approved_library,3POZ,EGFR,WT,-0.18,-8.72625,0.92604,0.64352,6.78622
1,trifluperidol,approved_library,5UGC,EGFR,L858R+T790M,-1.62,-7.67708,2.52084,0.21067,5.19363
1,triflupromazine,approved_library,3POZ,EGFR,WT,-0.79,-7.5711,1.62717,0.23283,6.06899
1,triflupromazine,approved_library,5UGC,EGFR,L858R+T790M,-1.43,-7.54677,1.79512,0.20187,5.5116
1,trimethoprim,approved_library,3POZ,EGFR,WT,-0.61,-7.26756,1.68632,0.5745,5.95308
1,trimethoprim,approved_library,5UGC,EGFR,L858R+T790M,-1.24,-4.42347,1.40921,0.63796,5.94872
1,trimetrexate,approved_library,3POZ,EGFR,WT,-0.49,-8.59985,0.99728,0.9119,7.09813
1,trimetrexate,approved_library,5UGC,EGFR,L858R+T790M,-0.93,-6.57074,0.85303,0.44304,6.78348
1,troglitazone,approved_library,3POZ,EGFR,WT,-0.72,-7.5076,1.15718,0.177,6.33529
1,troglitazone,approved_library,5UGC,EGFR,L858R+T790M,-1.22,-7.32955,2.66139,0.57764,6.77687
1,trovafloxacin,approved_library,3POZ,EGFR,WT,-0.12,-10.35552,0.51954,0.37947,6.97568
1,trovafloxacin,approved_library,5UGC,EGFR,L858R+T790M,0.13,-9.73327,0.80527,0.80871,7.64623
1,vandetanib,egfr_family,3POZ,EGFR,WT,-1.33,-7.86969,1.96224,0.73573,7.57577
1,vandetanib,egfr_family,5UGC,EGFR,L858R+T790M,-1.41,-6.34681,5.30846,0.15466,6.24716
1,venlafaxine,approved_library,3POZ,EGFR,WT,-0.16,-6.7019,0.68796,0.78705,6.01854
1,venlafaxine,approved_library,5UGC,EGFR,L858R+T790M,-0.67,-6.43419,0.71827,0.53312,5.57299
1,verapamil,repurposing_candidate,3POZ,EGFR,WT,-1.39,-7.3061,1.63679,0.13996,6.08288
1,verapamil,repurposing_candidate,5UGC,EGFR,L858R+T790M,-2.15,-6.56041,2.31866,0.21329,6.79625
1,voriconazole,approved_library,3POZ,EGFR,WT,-1.19,-7.25259,1.40228,0.33721,6.46416
1,voriconazole,approved_library,5UGC,EGFR,L858R+T790M,-0.99,-7.84179,1.25959,0.8777,7.21262
1,vorinostat,approved_library,3POZ,EGFR,WT,0.16,-7.32859,0.74644,0.45617,5.65578
1,vorinostat,approved_library,5UGC,EGFR,L858R+T790M,-0.58,-6.16269,1.78291,0.17393,5.27024
1,xanomeline,approved_library,3POZ,EGFR,WT,-0.03,-6.24538,1.14814,0.10936,4.9392
1,xanomeline,approved_library,5UGC,EGFR,L858R+T790M,-0.87,-6.16621,2.62653,0.33979,5.99741
1,zafirlukast,approved_library,3POZ,EGFR,WT,-0.9,-9.31474,1.43995,0.17128,7.27639
1,zafirlukast,approved_library,5UGC,EGFR,L858R+T790M,-1.82,0.65348,1.72939,0.44797,7.80832
1,zidovudine,approved_library,3POZ,EGFR,WT,-0.25,-6.09221,0.87308,0.89199,5.4856
1,zidovudine,approved_library,5UGC,EGFR,L858R+T790M,-0.11,-7.03011,1.07928,0.71463,5.55736
1,zileuton,approved_library,3POZ,EGFR,WT,0.17,-6.67742,0.49194,0.64213,5.07874
1,zileuton,approved_library,5UGC,EGFR,L858R+T790M,-0.01,-5.06604,2.74447,0.14943,4.44103
1,zomepirac,approved_library,3POZ,EGFR,WT,-0.16,-7.10539,1.81179,0.59976,5.43216
1,zomepirac,approved_library,5UGC,EGFR,L858R+T790M,-0.4,-7.23243,1.75991,0.59007,5.58717
